num_samples,num_sites,tool,user_time,sys_time,wall_time,storage
10,116230,savvy,0.06,0.0,0.08555865287780762,hdd
100,204714,savvy,0.17,0.0,0.18927335739135742,hdd
1000,403989,savvy,1.03,0.01,1.0594425201416016,hdd
10000,863998,savvy,14.32,0.03,14.38518476486206,hdd
100000,2365367,savvy,311.26,1.27,312.837105512619,hdd
